ChpVrsNdx,NumWrd,bPilcrow,PText,RText
257,19,0,"God, who at sundry times and in divers manners spake in time past unto the fathers by the prophets,","God, who at sundry times and in divers manners spake in time past unto the fathers by the prophets,"
258,26,0,"Hath in these last days spoken unto us by his Son, whom he hath appointed heir of all things, by whom also he made the worlds;","Hath in these last days spoken unto us by <i>his</i> Son, whom he hath appointed heir of all things, by whom also he made the worlds;"
259,43,0,"Who being the brightness of his glory, and the express image of his person, and upholding all things by the word of his power, when he had by himself purged our sins, sat down on the right hand of the Majesty on high;","Who being the brightness of <i>his</i> glory, and the express image of his person, and upholding all things by the word of his power, when he had by himself purged our sins, sat down on the right hand of the Majesty on high;"
260,20,0,"Being made so much better than the angels, as he hath by inheritance obtained a more excellent name than they.","Being made so much better than the angels, as he hath by inheritance obtained a more excellent name than they."
261,38,0,"For unto which of the angels said he at any time, Thou art my Son, this day have I begotten thee? And again, I will be to him a Father, and he shall be to me a Son?","For unto which of the angels said he at any time, Thou art my Son, this day have I begotten thee? And again, I will be to him a Father, and he shall be to me a Son?"
262,22,0,"And again, when he bringeth in the firstbegotten into the world, he saith, And let all the angels of God worship him.","And again, when he bringeth in the firstbegotten into the world, he saith, And let all the angels of God worship him."
263,18,0,"And of the angels he saith, Who maketh his angels spirits, and his ministers a flame of fire.","And of the angels he saith, Who maketh his angels spirits, and his ministers a flame of fire."
264,25,0,"But unto the Son he saith, Thy throne, O God, is for ever and ever: a sceptre of righteousness is the sceptre of thy kingdom.","But unto the Son <i>he saith</i>, Thy throne, O God, <i>is</i> for ever and ever: a sceptre of righteousness <i>is</i> the sceptre of thy kingdom."
265,23,0,"Thou hast loved righteousness, and hated iniquity; therefore God, even thy God, hath anointed thee with the oil of gladness above thy fellows.","Thou hast loved righteousness, and hated iniquity; therefore God, <i>even</i> thy God, hath anointed thee with the oil of gladness above thy fellows."
266,22,0,"And, Thou, Lord, in the beginning hast laid the foundation of the earth; and the heavens are the works of thine hands:","And, Thou, Lord, in the beginning hast laid the foundation of the earth; and the heavens are the works of thine hands:"
267,16,0,"They shall perish; but thou remainest; and they all shall wax old as doth a garment;","They shall perish; but thou remainest; and they all shall wax old as doth a garment;"
268,25,0,"And as a vesture shalt thou fold them up, and they shall be changed: but thou art the same, and thy years shall not fail.","And as a vesture shalt thou fold them up, and they shall be changed: but thou art the same, and thy years shall not fail."
269,23,0,"But to which of the angels said he at any time, Sit on my right hand, until I make thine enemies thy footstool?","But to which of the angels said he at any time, Sit on my right hand, until I make thine enemies thy footstool?"
270,18,0,"Are they not all ministering spirits, sent forth to minister for them who shall be heirs of salvation?","Are they not all ministering spirits, sent forth to minister for them who shall be heirs of salvation?"
513,25,0,"Therefore we ought to give the more earnest heed to the things which we have heard, lest at any time we should let them slip.","Therefore we ought to give the more earnest heed to the things which we have heard, lest at any time we should let <i>them</i> slip."
514,20,0,"For if the word spoken by angels was stedfast, and every transgression and disobedience received a just recompence of reward;","For if the word spoken by angels was stedfast, and every transgression and disobedience received a just recompence of reward;"
515,31,0,"How shall we escape, if we neglect so great salvation; which at the first began to be spoken by the Lord, and was confirmed unto us by them that heard him; ","How shall we escape, if we neglect so great salvation; which at the first began to be spoken by the Lord, and was confirmed unto us by them that heard <i>him</i>; "
516,25,0,"God also bearing them witness, both with signs and wonders, and with divers miracles, and gifts of the Holy Ghost, according to his own will?","God also bearing <i>them</i> witness, both with signs and wonders, and with divers miracles, and gifts of the Holy Ghost, according to his own will?"
517,17,1,"For unto the angels hath he not put in subjection the world to come, whereof we speak.","¶For unto the angels hath he not put in subjection the world to come, whereof we speak."
518,26,0,"But one in a certain place testified, saying, What is man, that thou art mindful of him? or the son of man, that thou visitest him?","But one in a certain place testified, saying, What is man, that thou art mindful of him? or the son of man, that thou visitest him?"
519,26,0,"Thou madest him a little lower than the angels; thou crownedst him with glory and honour, and didst set him over the works of thy hands:","Thou madest him a little lower than the angels; thou crownedst him with glory and honour, and didst set him over the works of thy hands:"
520,40,0,"Thou hast put all things in subjection under his feet. For in that he put all in subjection under him, he left nothing that is not put under him. But now we see not yet all things put under him.","Thou hast put all things in subjection under his feet. For in that he put all in subjection under him, he left nothing <i>that is</i> not put under him. But now we see not yet all things put under him."
521,36,0,"But we see Jesus, who was made a little lower than the angels for the suffering of death, crowned with glory and honour; that he by the grace of God should taste death for every man.","But we see Jesus, who was made a little lower than the angels for the suffering of death, crowned with glory and honour; that he by the grace of God should taste death for every man."
522,31,0,"For it became him, for whom are all things, and by whom are all things, in bringing many sons unto glory, to make the captain of their salvation perfect through sufferings.","For it became him, for whom <i>are</i> all things, and by whom <i>are</i> all things, in bringing many sons unto glory, to make the captain of their salvation perfect through sufferings."
523,25,0,"For both he that sanctifieth and they who are sanctified are all of one: for which cause he is not ashamed to call them brethren,","For both he that sanctifieth and they who are sanctified <i>are</i> all of one: for which cause he is not ashamed to call them brethren,"
524,21,0,"Saying, I will declare thy name unto my brethren, in the midst of the church will I sing praise unto thee.","Saying, I will declare thy name unto my brethren, in the midst of the church will I sing praise unto thee."
525,21,0,"And again, I will put my trust in him. And again, Behold I and the children which God hath given me.","And again, I will put my trust in him. And again, Behold I and the children which God hath given me."
526,37,0,"Forasmuch then as the children are partakers of flesh and blood, he also himself likewise took part of the same; that through death he might destroy him that had the power of death, that is, the devil;","Forasmuch then as the children are partakers of flesh and blood, he also himself likewise took part of the same; that through death he might destroy him that had the power of death, that is, the devil;"
527,15,0,"And deliver them who through fear of death were all their lifetime subject to bondage.","And deliver them who through fear of death were all their lifetime subject to bondage."
528,20,0,"For verily he took not on him the nature of angels; but he took on him the seed of Abraham.","For verily he took not on <i>him the nature of</i> angels; but he took on <i>him</i> the seed of Abraham."
529,38,0,"Wherefore in all things it behoved him to be made like unto his brethren, that he might be a merciful and faithful high priest in things pertaining to God, to make reconciliation for the sins of the people.","Wherefore in all things it behoved him to be made like unto <i>his</i> brethren, that he might be a merciful and faithful high priest in things <i>pertaining</i> to God, to make reconciliation for the sins of the people."
530,18,0,"For in that he himself hath suffered being tempted, he is able to succour them that are tempted.","For in that he himself hath suffered being tempted, he is able to succour them that are tempted."
769,19,0,"Wherefore, holy brethren, partakers of the heavenly calling, consider the Apostle and High Priest of our profession, Christ Jesus;","Wherefore, holy brethren, partakers of the heavenly calling, consider the Apostle and High Priest of our profession, Christ Jesus;"
770,17,0,"Who was faithful to him that appointed him, as also Moses was faithful in all his house.","Who was faithful to him that appointed him, as also Moses <i>was faithful</i> in all his house."
771,25,0,"For this man was counted worthy of more glory than Moses, inasmuch as he who hath builded the house hath more honour than the house.","For this <i>man</i> was counted worthy of more glory than Moses, inasmuch as he who hath builded the house hath more honour than the house."
772,16,0,"For every house is builded by some man; but he that built all things is God.","For every house is builded by some <i>man</i>; but he that built all things <i>is</i> God."
773,24,0,"And Moses verily was faithful in all his house, as a servant, for a testimony of those things which were to be spoken after;","And Moses verily <i>was</i> faithful in all his house, as a servant, for a testimony of those things which were to be spoken after;"
774,29,0,"But Christ as a son over his own house; whose house are we, if we hold fast the confidence and the rejoicing of the hope firm unto the end.","But Christ as a son over his own house; whose house are we, if we hold fast the confidence and the rejoicing of the hope firm unto the end."
775,14,0,"Wherefore (as the Holy Ghost saith, To day if ye will hear his voice,","Wherefore (as the Holy Ghost saith, To day if ye will hear his voice,"
776,16,0,"Harden not your hearts, as in the provocation, in the day of temptation in the wilderness:","Harden not your hearts, as in the provocation, in the day of temptation in the wilderness:"
777,13,0,"When your fathers tempted me, proved me, and saw my works forty years.","When your fathers tempted me, proved me, and saw my works forty years."
778,23,0,"Wherefore I was grieved with that generation, and said, They do alway err in their heart; and they have not known my ways.","Wherefore I was grieved with that generation, and said, They do alway err in <i>their</i> heart; and they have not known my ways."
779,13,0,"So I sware in my wrath, They shall not enter into my rest.)","So I sware in my wrath, They shall not enter into my rest.)"
780,21,0,"Take heed, brethren, lest there be in any of you an evil heart of unbelief, in departing from the living God.","Take heed, brethren, lest there be in any of you an evil heart of unbelief, in departing from the living God."
781,22,0,"But exhort one another daily, while it is called To day; lest any of you be hardened through the deceitfulness of sin.","But exhort one another daily, while it is called To day; lest any of you be hardened through the deceitfulness of sin."
782,19,0,"For we are made partakers of Christ, if we hold the beginning of our confidence stedfast unto the end;","For we are made partakers of Christ, if we hold the beginning of our confidence stedfast unto the end;"
783,20,0,"While it is said, To day if ye will hear his voice, harden not your hearts, as in the provocation.","While it is said, To day if ye will hear his voice, harden not your hearts, as in the provocation."
784,18,0,"For some, when they had heard, did provoke: howbeit not all that came out of Egypt by Moses.","For some, when they had heard, did provoke: howbeit not all that came out of Egypt by Moses."
785,22,0,"But with whom was he grieved forty years? was it not with them that had sinned, whose carcases fell in the wilderness?","But with whom was he grieved forty years? <i>was it</i> not with them that had sinned, whose carcases fell in the wilderness?"
786,19,0,"And to whom sware he that they should not enter into his rest, but to them that believed not?","And to whom sware he that they should not enter into his rest, but to them that believed not?"
787,12,0,"So we see that they could not enter in because of unbelief.","So we see that they could not enter in because of unbelief."
1025,25,0,"Let us therefore fear, lest, a promise being left us of entering into his rest, any of you should seem to come short of it.","Let us therefore fear, lest, a promise being left <i>us</i> of entering into his rest, any of you should seem to come short of it."
1026,30,0,"For unto us was the gospel preached, as well as unto them: but the word preached did not profit them, not being mixed with faith in them that heard it. ","For unto us was the gospel preached, as well as unto them: but the word preached did not profit them, not being mixed with faith in them that heard <i>it</i>. "
1027,37,0,"For we which have believed do enter into rest, as he said, As I have sworn in my wrath, if they shall enter into my rest: although the works were finished from the foundation of the world.","For we which have believed do enter into rest, as he said, As I have sworn in my wrath, if they shall enter into my rest: although the works were finished from the foundation of the world."
1028,25,0,"For he spake in a certain place of the seventh day on this wise, And God did rest the seventh day from all his works.","For he spake in a certain place of the seventh <i>day</i> on this wise, And God did rest the seventh day from all his works."
1029,12,0,"And in this place again, If they shall enter into my rest.","And in this <i>place</i> again, If they shall enter into my rest."
1030,23,0,"Seeing therefore it remaineth that some must enter therein, and they to whom it was first preached entered not in because of unbelief:","Seeing therefore it remaineth that some must enter therein, and they to whom it was first preached entered not in because of unbelief:"
1031,32,0,"Again, he limiteth a certain day, saying in David, To day, after so long a time; as it is said, To day if ye will hear his voice, harden not your hearts.","Again, he limiteth a certain day, saying in David, To day, after so long a time; as it is said, To day if ye will hear his voice, harden not your hearts."
1032,17,0,"For if Jesus had given them rest, then would he not afterward have spoken of another day.","For if Jesus had given them rest, then would he not afterward have spoken of another day."
1033,10,0,"There remaineth therefore a rest to the people of God.","There remaineth therefore a rest to the people of God."
1034,21,0,"For he that is entered into his rest, he also hath ceased from his own works, as God did from his.","For he that is entered into his rest, he also hath ceased from his own works, as God <i>did</i> from his."
1035,19,0,"Let us labour therefore to enter into that rest, lest any man fall after the same example of unbelief.","Let us labour therefore to enter into that rest, lest any man fall after the same example of unbelief."
1036,43,0,"For the word of God is quick, and powerful, and sharper than any twoedged sword, piercing even to the dividing asunder of soul and spirit, and of the joints and marrow, and is a discerner of the thoughts and intents of the heart.","For the word of God <i>is</i> quick, and powerful, and sharper than any twoedged sword, piercing even to the dividing asunder of soul and spirit, and of the joints and marrow, and <i>is</i> a discerner of the thoughts and intents of the heart."
1037,30,0,"Neither is there any creature that is not manifest in his sight: but all things are naked and opened unto the eyes of him with whom we have to do.","Neither is there any creature that is not manifest in his sight: but all things <i>are</i> naked and opened unto the eyes of him with whom we have to do."
1038,26,0,"Seeing then that we have a great high priest, that is passed into the heavens, Jesus the Son of God, let us hold fast our profession.","Seeing then that we have a great high priest, that is passed into the heavens, Jesus the Son of God, let us hold fast <i>our</i> profession."
1039,30,0,"For we have not an high priest which cannot be touched with the feeling of our infirmities; but was in all points tempted like as we are, yet without sin.","For we have not an high priest which cannot be touched with the feeling of our infirmities; but was in all points tempted like as <i>we are, yet</i> without sin."
1040,24,0,"Let us therefore come boldly unto the throne of grace, that we may obtain mercy, and find grace to help in time of need.","Let us therefore come boldly unto the throne of grace, that we may obtain mercy, and find grace to help in time of need."
1281,27,0,"For every high priest taken from among men is ordained for men in things pertaining to God, that he may offer both gifts and sacrifices for sins:","For every high priest taken from among men is ordained for men in things <i>pertaining</i> to God, that he may offer both gifts and sacrifices for sins:"
1282,25,0,"Who can have compassion on the ignorant, and on them that are out of the way; for that he himself also is compassed with infirmity.","Who can have compassion on the ignorant, and on them that are out of the way; for that he himself also is compassed with infirmity."
1283,18,0,"And by reason hereof he ought, as for the people, so also for himself, to offer for sins.","And by reason hereof he ought, as for the people, so also for himself, to offer for sins."
1284,18,0,"And no man taketh this honour unto himself, but he that is called of God, as was Aaron.","And no man taketh this honour unto himself, but he that is called of God, as <i>was</i> Aaron."
1285,28,0,"So also Christ glorified not himself to be made an high priest; but he that said unto him, Thou art my Son, to day have I begotten thee.","So also Christ glorified not himself to be made an high priest; but he that said unto him, Thou art my Son, to day have I begotten thee."
1286,18,0,"As he saith also in another place, Thou art a priest for ever after the order of Melchisedec.","As he saith also in another <i>place</i>, Thou <i>art</i> a priest for ever after the order of Melchisedec."
1287,37,0,"Who in the days of his flesh, when he had offered up prayers and supplications with strong crying and tears unto him that was able to save him from death, and was heard in that he feared;","Who in the days of his flesh, when he had offered up prayers and supplications with strong crying and tears unto him that was able to save him from death, and was heard in that he feared;"
1288,15,0,"Though he were a Son, yet learned he obedience by the things which he suffered;","Though he were a Son, yet learned he obedience by the things which he suffered;"
1289,17,0,"And being made perfect, he became the author of eternal salvation unto all them that obey him;","And being made perfect, he became the author of eternal salvation unto all them that obey him;"
1290,11,0,"Called of God an high priest after the order of Melchisedec.","Called of God an high priest after the order of Melchisedec."
1291,19,1,"Of whom we have many things to say, and hard to be uttered, seeing ye are dull of hearing.","¶Of whom we have many things to say, and hard to be uttered, seeing ye are dull of hearing."
1292,42,0,"For when for the time ye ought to be teachers, ye have need that one teach you again which be the first principles of the oracles of God; and are become such as have need of milk, and not of strong meat.","For when for the time ye ought to be teachers, ye have need that one teach you again which <i>be</i> the first principles of the oracles of God; and are become such as have need of milk, and not of strong meat."
1293,18,0,"For every one that useth milk is unskilful in the word of righteousness: for he is a babe.","For every one that useth milk <i>is</i> unskilful in the word of righteousness: for he is a babe."
1294,28,0,"But strong meat belongeth to them that are of full age, even those who by reason of use have their senses exercised to discern both good and evil.","But strong meat belongeth to them that are of full age, <i>even</i> those who by reason of use have their senses exercised to discern both good and evil."
1537,30,0,"Therefore leaving the principles of the doctrine of Christ, let us go on unto perfection; not laying again the foundation of repentance from dead works, and of faith toward God,","Therefore leaving the principles of the doctrine of Christ, let us go on unto perfection; not laying again the foundation of repentance from dead works, and of faith toward God,"
1538,21,0,"Of the doctrine of baptisms, and of laying on of hands, and of resurrection of the dead, and of eternal judgment.","Of the doctrine of baptisms, and of laying on of hands, and of resurrection of the dead, and of eternal judgment."
1539,8,0,"And this will we do, if God permit.","And this will we do, if God permit."
1540,25,0,"For it is impossible for those who were once enlightened, and have tasted of the heavenly gift, and were made partakers of the Holy Ghost,","For <i>it is</i> impossible for those who were once enlightened, and have tasted of the heavenly gift, and were made partakers of the Holy Ghost,"
1541,16,0,"And have tasted the good word of God, and the powers of the world to come,","And have tasted the good word of God, and the powers of the world to come,"
1542,28,0,"If they shall fall away, to renew them again unto repentance; seeing they crucify to themselves the Son of God afresh, and put him to an open shame.","If they shall fall away, to renew them again unto repentance; seeing they crucify to themselves the Son of God afresh, and put <i>him</i> to an open shame."
1543,29,0,"For the earth which drinketh in the rain that cometh oft upon it, and bringeth forth herbs meet for them by whom it is dressed, receiveth blessing from God:","For the earth which drinketh in the rain that cometh oft upon it, and bringeth forth herbs meet for them by whom it is dressed, receiveth blessing from God:"
1544,20,0,"But that which beareth thorns and briers is rejected, and is nigh unto cursing; whose end is to be burned.","But that which beareth thorns and briers <i>is</i> rejected, and <i>is</i> nigh unto cursing; whose end <i>is</i> to be burned."
1545,18,0,"But, beloved, we are persuaded better things of you, and things that accompany salvation, though we thus speak.","But, beloved, we are persuaded better things of you, and things that accompany salvation, though we thus speak."
1546,31,0,"For God is not unrighteous to forget your work and labour of love, which ye have shewed toward his name, in that ye have ministered to the saints, and do minister.","For God <i>is</i> not unrighteous to forget your work and labour of love, which ye have shewed toward his name, in that ye have ministered to the saints, and do minister."
1547,22,0,"And we desire that every one of you do shew the same diligence to the full assurance of hope unto the end:","And we desire that every one of you do shew the same diligence to the full assurance of hope unto the end:"
1548,17,0,"That ye be not slothful, but followers of them who through faith and patience inherit the promises.","That ye be not slothful, but followers of them who through faith and patience inherit the promises."
1549,18,0,"For when God made promise to Abraham, because he could swear by no greater, he sware by himself,","For when God made promise to Abraham, because he could swear by no greater, he sware by himself,"
1550,13,0,"Saying, Surely blessing I will bless thee, and multiplying I will multiply thee.","Saying, Surely blessing I will bless thee, and multiplying I will multiply thee."
1551,11,0,"And so, after he had patiently endured, he obtained the promise.","And so, after he had patiently endured, he obtained the promise."
1552,20,0,"For men verily swear by the greater: and an oath for confirmation is to them an end of all strife.","For men verily swear by the greater: and an oath for confirmation <i>is</i> to them an end of all strife."
1553,22,0,"Wherein God, willing more abundantly to shew unto the heirs of promise the immutability of his counsel, confirmed it by an oath:","Wherein God, willing more abundantly to shew unto the heirs of promise the immutability of his counsel, confirmed <i>it</i> by an oath:"
1554,34,0,"That by two immutable things, in which it was impossible for God to lie, we might have a strong consolation, who have fled for refuge to lay hold upon the hope set before us:","That by two immutable things, in which <i>it was</i> impossible for God to lie, we might have a strong consolation, who have fled for refuge to lay hold upon the hope set before us:"
1555,22,0,"Which hope we have as an anchor of the soul, both sure and stedfast, and which entereth into that within the veil;","Which <i>hope</i> we have as an anchor of the soul, both sure and stedfast, and which entereth into that within the veil;"
1556,20,0,"Whither the forerunner is for us entered, even Jesus, made an high priest for ever after the order of Melchisedec.","Whither the forerunner is for us entered, <i>even</i> Jesus, made an high priest for ever after the order of Melchisedec."
1793,25,0,"For this Melchisedec, king of Salem, priest of the most high God, who met Abraham returning from the slaughter of the kings, and blessed him;","For this Melchisedec, king of Salem, priest of the most high God, who met Abraham returning from the slaughter of the kings, and blessed him;"
1794,29,0,"To whom also Abraham gave a tenth part of all; first being by interpretation King of righteousness, and after that also King of Salem, which is, King of peace;","To whom also Abraham gave a tenth part of all; first being by interpretation King of righteousness, and after that also King of Salem, which is, King of peace;"
1795,27,0,"Without father, without mother, without descent, having neither beginning of days, nor end of life; but made like unto the Son of God; abideth a priest continually.","Without father, without mother, without descent, having neither beginning of days, nor end of life; but made like unto the Son of God; abideth a priest continually."
1796,19,0,"Now consider how great this man was, unto whom even the patriarch Abraham gave the tenth of the spoils.","Now consider how great this man <i>was</i>, unto whom even the patriarch Abraham gave the tenth of the spoils."
1797,44,0,"And verily they that are of the sons of Levi, who receive the office of the priesthood, have a commandment to take tithes of the people according to the law, that is, of their brethren, though they come out of the loins of Abraham:","And verily they that are of the sons of Levi, who receive the office of the priesthood, have a commandment to take tithes of the people according to the law, that is, of their brethren, though they come out of the loins of Abraham:"
1798,20,0,"But he whose descent is not counted from them received tithes of Abraham, and blessed him that had the promises.","But he whose descent is not counted from them received tithes of Abraham, and blessed him that had the promises."
1799,11,0,"And without all contradiction the less is blessed of the better.","And without all contradiction the less is blessed of the better."
1800,20,0,"And here men that die receive tithes; but there he receiveth them, of whom it is witnessed that he liveth.","And here men that die receive tithes; but there he <i>receiveth them</i>, of whom it is witnessed that he liveth."
1801,15,0,"And as I may so say, Levi also, who receiveth tithes, payed tithes in Abraham.","And as I may so say, Levi also, who receiveth tithes, payed tithes in Abraham."
1802,14,0,"For he was yet in the loins of his father, when Melchisedec met him.","For he was yet in the loins of his father, when Melchisedec met him."
1803,40,0,"If therefore perfection were by the Levitical priesthood, (for under it the people received the law,) what further need was there that another priest should rise after the order of Melchisedec, and not be called after the order of Aaron?","If therefore perfection were by the Levitical priesthood, (for under it the people received the law,) what further need <i>was there</i> that another priest should rise after the order of Melchisedec, and not be called after the order of Aaron?"
1804,16,0,"For the priesthood being changed, there is made of necessity a change also of the law.","For the priesthood being changed, there is made of necessity a change also of the law."
1805,21,0,"For he of whom these things are spoken pertaineth to another tribe, of which no man gave attendance at the altar.","For he of whom these things are spoken pertaineth to another tribe, of which no man gave attendance at the altar."
1806,19,0,"For it is evident that our Lord sprang out of Juda; of which tribe Moses spake nothing concerning priesthood.","For <i>it is</i> evident that our Lord sprang out of Juda; of which tribe Moses spake nothing concerning priesthood."
1807,18,0,"And it is yet far more evident: for that after the similitude of Melchisedec there ariseth another priest,","And it is yet far more evident: for that after the similitude of Melchisedec there ariseth another priest,"
1808,19,0,"Who is made, not after the law of a carnal commandment, but after the power of an endless life.","Who is made, not after the law of a carnal commandment, but after the power of an endless life."
1809,14,0,"For he testifieth, Thou art a priest for ever after the order of Melchisedec.","For he testifieth, Thou <i>art</i> a priest for ever after the order of Melchisedec."
1810,17,0,"For there is verily a disannulling of the commandment going before for the weakness and unprofitableness thereof.","For there is verily a disannulling of the commandment going before for the weakness and unprofitableness thereof."
1811,23,0,"For the law made nothing perfect, but the bringing in of a better hope did; by the which we draw nigh unto God.","For the law made nothing perfect, but the bringing in of a better hope <i>did</i>; by the which we draw nigh unto God."
1812,11,0,"And inasmuch as not without an oath he was made priest: ","And inasmuch as not without an oath <i>he was made priest</i>: "
1813,37,0,"(For those priests were made without an oath; but this with an oath by him that said unto him, The Lord sware and will not repent, Thou art a priest for ever after the order of Melchisedec:)","(For those priests were made without an oath; but this with an oath by him that said unto him, The Lord sware and will not repent, Thou <i>art</i> a priest for ever after the order of Melchisedec:)"
1814,12,0,"By so much was Jesus made a surety of a better testament.","By so much was Jesus made a surety of a better testament."
1815,17,0,"And they truly were many priests, because they were not suffered to continue by reason of death:","And they truly were many priests, because they were not suffered to continue by reason of death:"
1816,11,0,"But this man, because he continueth ever, hath an unchangeable priesthood.","But this <i>man</i>, because he continueth ever, hath an unchangeable priesthood."
1817,26,0,"Wherefore he is able also to save them to the uttermost that come unto God by him, seeing he ever liveth to make intercession for them.","Wherefore he is able also to save them to the uttermost that come unto God by him, seeing he ever liveth to make intercession for them."
1818,21,0,"For such an high priest became us, who is holy, harmless, undefiled, separate from sinners, and made higher than the heavens;","For such an high priest became us, <i>who is</i> holy, harmless, undefiled, separate from sinners, and made higher than the heavens;"
1819,32,0,"Who needeth not daily, as those high priests, to offer up sacrifice, first for his own sins, and then for the people's: for this he did once, when he offered up himself.","Who needeth not daily, as those high priests, to offer up sacrifice, first for his own sins, and then for the people's: for this he did once, when he offered up himself."
1820,29,0,"For the law maketh men high priests which have infirmity; but the word of the oath, which was since the law, maketh the Son, who is consecrated for evermore.","For the law maketh men high priests which have infirmity; but the word of the oath, which was since the law, <i>maketh</i> the Son, who is consecrated for evermore."
2049,34,0,"Now of the things which we have spoken this is the sum: We have such an high priest, who is set on the right hand of the throne of the Majesty in the heavens;","Now of the things which we have spoken <i>this is</i> the sum: We have such an high priest, who is set on the right hand of the throne of the Majesty in the heavens;"
2050,17,0,"A minister of the sanctuary, and of the true tabernacle, which the Lord pitched, and not man.","A minister of the sanctuary, and of the true tabernacle, which the Lord pitched, and not man."
2051,24,0,"For every high priest is ordained to offer gifts and sacrifices: wherefore it is of necessity that this man have somewhat also to offer.","For every high priest is ordained to offer gifts and sacrifices: wherefore <i>it is</i> of necessity that this man have somewhat also to offer."
2052,24,0,"For if he were on earth, he should not be a priest, seeing that there are priests that offer gifts according to the law:","For if he were on earth, he should not be a priest, seeing that there are priests that offer gifts according to the law:"
2053,43,0,"Who serve unto the example and shadow of heavenly things, as Moses was admonished of God when he was about to make the tabernacle: for, See, saith he, that thou make all things according to the pattern shewed to thee in the mount.","Who serve unto the example and shadow of heavenly things, as Moses was admonished of God when he was about to make the tabernacle: for, See, saith he, <i>that</i> thou make all things according to the pattern shewed to thee in the mount."
2054,27,0,"But now hath he obtained a more excellent ministry, by how much also he is the mediator of a better covenant, which was established upon better promises.","But now hath he obtained a more excellent ministry, by how much also he is the mediator of a better covenant, which was established upon better promises."
2055,18,0,"For if that first covenant had been faultless, then should no place have been sought for the second.","For if that first <i>covenant</i> had been faultless, then should no place have been sought for the second."
2056,32,0,"For finding fault with them, he saith, Behold, the days come, saith the Lord, when I will make a new covenant with the house of Israel and with the house of Judah:","For finding fault with them, he saith, Behold, the days come, saith the Lord, when I will make a new covenant with the house of Israel and with the house of Judah:"
2057,45,0,"Not according to the covenant that I made with their fathers in the day when I took them by the hand to lead them out of the land of Egypt; because they continued not in my covenant, and I regarded them not, saith the Lord.","Not according to the covenant that I made with their fathers in the day when I took them by the hand to lead them out of the land of Egypt; because they continued not in my covenant, and I regarded them not, saith the Lord."
2058,50,0,"For this is the covenant that I will make with the house of Israel after those days, saith the Lord; I will put my laws into their mind, and write them in their hearts: and I will be to them a God, and they shall be to me a people:","For this <i>is</i> the covenant that I will make with the house of Israel after those days, saith the Lord; I will put my laws into their mind, and write them in their hearts: and I will be to them a God, and they shall be to me a people:"
2059,29,0,"And they shall not teach every man his neighbour, and every man his brother, saying, Know the Lord: for all shall know me, from the least to the greatest.","And they shall not teach every man his neighbour, and every man his brother, saying, Know the Lord: for all shall know me, from the least to the greatest."
2060,19,0,"For I will be merciful to their unrighteousness, and their sins and their iniquities will I remember no more.","For I will be merciful to their unrighteousness, and their sins and their iniquities will I remember no more."
2061,25,0,"In that he saith, A new covenant, he hath made the first old. Now that which decayeth and waxeth old is ready to vanish away.","In that he saith, A new <i>covenant</i>, he hath made the first old. Now that which decayeth and waxeth old <i>is</i> ready to vanish away."
2305,15,0,"Then verily the first covenant had also ordinances of divine service, and a worldly sanctuary.","Then verily the first <i>covenant</i> had also ordinances of divine service, and a worldly sanctuary."
2306,23,0,"For there was a tabernacle made; the first, wherein was the candlestick, and the table, and the shewbread; which is called the sanctuary.","For there was a tabernacle made; the first, wherein <i>was</i> the candlestick, and the table, and the shewbread; which is called the sanctuary."
2307,14,0,"And after the second veil, the tabernacle which is called the Holiest of all;","And after the second veil, the tabernacle which is called the Holiest of all;"
2308,35,0,"Which had the golden censer, and the ark of the covenant overlaid round about with gold, wherein was the golden pot that had manna, and Aaron's rod that budded, and the tables of the covenant;","Which had the golden censer, and the ark of the covenant overlaid round about with gold, wherein <i>was</i> the golden pot that had manna, and Aaron's rod that budded, and the tables of the covenant;"
2309,17,0,"And over it the cherubims of glory shadowing the mercyseat; of which we cannot now speak particularly.","And over it the cherubims of glory shadowing the mercyseat; of which we cannot now speak particularly."
2310,20,0,"Now when these things were thus ordained, the priests went always into the first tabernacle, accomplishing the service of God. ","Now when these things were thus ordained, the priests went always into the first tabernacle, accomplishing the service <i>of God</i>. "
2311,27,0,"But into the second went the high priest alone once every year, not without blood, which he offered for himself, and for the errors of the people:","But into the second <i>went</i> the high priest alone once every year, not without blood, which he offered for himself, and <i>for</i> the errors of the people:"
2312,26,0,"The Holy Ghost this signifying, that the way into the holiest of all was not yet made manifest, while as the first tabernacle was yet standing:","The Holy Ghost this signifying, that the way into the holiest of all was not yet made manifest, while as the first tabernacle was yet standing:"
2313,32,0,"Which was a figure for the time then present, in which were offered both gifts and sacrifices, that could not make him that did the service perfect, as pertaining to the conscience;","Which <i>was</i> a figure for the time then present, in which were offered both gifts and sacrifices, that could not make him that did the service perfect, as pertaining to the conscience;"
2314,21,0,"Which stood only in meats and drinks, and divers washings, and carnal ordinances, imposed on them until the time of reformation.","<i>Which stood</i> only in meats and drinks, and divers washings, and carnal ordinances, imposed <i>on them</i> until the time of reformation."
2315,31,0,"But Christ being come an high priest of good things to come, by a greater and more perfect tabernacle, not made with hands, that is to say, not of this building;","But Christ being come an high priest of good things to come, by a greater and more perfect tabernacle, not made with hands, that is to say, not of this building;"
2316,27,0,"Neither by the blood of goats and calves, but by his own blood he entered in once into the holy place, having obtained eternal redemption for us. ","Neither by the blood of goats and calves, but by his own blood he entered in once into the holy place, having obtained eternal redemption <i>for us</i>. "
2317,25,0,"For if the blood of bulls and of goats, and the ashes of an heifer sprinkling the unclean, sanctifieth to the purifying of the flesh:","For if the blood of bulls and of goats, and the ashes of an heifer sprinkling the unclean, sanctifieth to the purifying of the flesh:"
2318,30,0,"How much more shall the blood of Christ, who through the eternal Spirit offered himself without spot to God, purge your conscience from dead works to serve the living God?","How much more shall the blood of Christ, who through the eternal Spirit offered himself without spot to God, purge your conscience from dead works to serve the living God?"
2319,40,0,"And for this cause he is the mediator of the new testament, that by means of death, for the redemption of the transgressions that were under the first testament, they which are called might receive the promise of eternal inheritance.","And for this cause he is the mediator of the new testament, that by means of death, for the redemption of the transgressions <i>that were</i> under the first testament, they which are called might receive the promise of eternal inheritance."
2320,16,0,"For where a testament is, there must also of necessity be the death of the testator.","For where a testament <i>is</i>, there must also of necessity be the death of the testator."
2321,22,0,"For a testament is of force after men are dead: otherwise it is of no strength at all while the testator liveth.","For a testament <i>is</i> of force after men are dead: otherwise it is of no strength at all while the testator liveth."
2322,9,0,"Whereupon neither the first testament was dedicated without blood.","Whereupon neither the first <i>testament</i> was dedicated without blood."
2323,40,0,"For when Moses had spoken every precept to all the people according to the law, he took the blood of calves and of goats, with water, and scarlet wool, and hyssop, and sprinkled both the book, and all the people,","For when Moses had spoken every precept to all the people according to the law, he took the blood of calves and of goats, with water, and scarlet wool, and hyssop, and sprinkled both the book, and all the people,"
2324,14,0,"Saying, This is the blood of the testament which God hath enjoined unto you.","Saying, This <i>is</i> the blood of the testament which God hath enjoined unto you."
2325,15,0,"Moreover he sprinkled with blood both the tabernacle, and all the vessels of the ministry.","Moreover he sprinkled with blood both the tabernacle, and all the vessels of the ministry."
2326,19,0,"And almost all things are by the law purged with blood; and without shedding of blood is no remission.","And almost all things are by the law purged with blood; and without shedding of blood is no remission."
2327,27,0,"It was therefore necessary that the patterns of things in the heavens should be purified with these; but the heavenly things themselves with better sacrifices than these.","<i>It was</i> therefore necessary that the patterns of things in the heavens should be purified with these; but the heavenly things themselves with better sacrifices than these."
2328,33,0,"For Christ is not entered into the holy places made with hands, which are the figures of the true; but into heaven itself, now to appear in the presence of God for us:","For Christ is not entered into the holy places made with hands, <i>which are</i> the figures of the true; but into heaven itself, now to appear in the presence of God for us:"
2329,23,0,"Nor yet that he should offer himself often, as the high priest entereth into the holy place every year with blood of others;","Nor yet that he should offer himself often, as the high priest entereth into the holy place every year with blood of others;"
2330,34,0,"For then must he often have suffered since the foundation of the world: but now once in the end of the world hath he appeared to put away sin by the sacrifice of himself.","For then must he often have suffered since the foundation of the world: but now once in the end of the world hath he appeared to put away sin by the sacrifice of himself."
2331,15,0,"And as it is appointed unto men once to die, but after this the judgment:","And as it is appointed unto men once to die, but after this the judgment:"
2332,28,0,"So Christ was once offered to bear the sins of many; and unto them that look for him shall he appear the second time without sin unto salvation.","So Christ was once offered to bear the sins of many; and unto them that look for him shall he appear the second time without sin unto salvation."
2561,36,0,"For the law having a shadow of good things to come, and not the very image of the things, can never with those sacrifices which they offered year by year continually make the comers thereunto perfect.","For the law having a shadow of good things to come, <i>and</i> not the very image of the things, can never with those sacrifices which they offered year by year continually make the comers thereunto perfect."
2562,24,0,"For then would they not have ceased to be offered? because that the worshippers once purged should have had no more conscience of sins.","For then would they not have ceased to be offered? because that the worshippers once purged should have had no more conscience of sins."
2563,14,0,"But in those sacrifices there is a remembrance again made of sins every year.","But in those <i>sacrifices there is</i> a remembrance again <i>made</i> of sins every year."
2564,17,0,"For it is not possible that the blood of bulls and of goats should take away sins.","For <i>it is</i> not possible that the blood of bulls and of goats should take away sins."
2565,22,0,"Wherefore when he cometh into the world, he saith, Sacrifice and offering thou wouldest not, but a body hast thou prepared me:","Wherefore when he cometh into the world, he saith, Sacrifice and offering thou wouldest not, but a body hast thou prepared me:"
2566,12,0,"In burnt offerings and sacrifices for sin thou hast had no pleasure.","In burnt offerings and <i>sacrifices</i> for sin thou hast had no pleasure."
2567,23,0,"Then said I, Lo, I come (in the volume of the book it is written of me,) to do thy will, O God.","Then said I, Lo, I come (in the volume of the book it is written of me,) to do thy will, O God."
2568,27,0,"Above when he said, Sacrifice and offering and burnt offerings and offering for sin thou wouldest not, neither hadst pleasure therein; which are offered by the law;","Above when he said, Sacrifice and offering and burnt offerings and <i>offering</i> for sin thou wouldest not, neither hadst pleasure <i>therein</i>; which are offered by the law;"
2569,23,0,"Then said he, Lo, I come to do thy will, O God. He taketh away the first, that he may establish the second.","Then said he, Lo, I come to do thy will, O God. He taketh away the first, that he may establish the second."
2570,19,0,"By the which will we are sanctified through the offering of the body of Jesus Christ once for all. ","By the which will we are sanctified through the offering of the body of Jesus Christ once <i>for all</i>. "
2571,18,0,"And every priest standeth daily ministering and offering oftentimes the same sacrifices, which can never take away sins:","And every priest standeth daily ministering and offering oftentimes the same sacrifices, which can never take away sins:"
2572,21,0,"But this man, after he had offered one sacrifice for sins for ever, sat down on the right hand of God;","But this man, after he had offered one sacrifice for sins for ever, sat down on the right hand of God;"
2573,10,0,"From henceforth expecting till his enemies be made his footstool.","From henceforth expecting till his enemies be made his footstool."
2574,13,0,"For by one offering he hath perfected for ever them that are sanctified.","For by one offering he hath perfected for ever them that are sanctified."
2575,17,0,"Whereof the Holy Ghost also is a witness to us: for after that he had said before,","<i>Whereof</i> the Holy Ghost also is a witness to us: for after that he had said before,"
2576,32,0,"This is the covenant that I will make with them after those days, saith the Lord, I will put my laws into their hearts, and in their minds will I write them;","This <i>is</i> the covenant that I will make with them after those days, saith the Lord, I will put my laws into their hearts, and in their minds will I write them;"
2577,10,0,"And their sins and iniquities will I remember no more.","And their sins and iniquities will I remember no more."
2578,13,0,"Now where remission of these is, there is no more offering for sin.","Now where remission of these <i>is, there is</i> no more offering for sin."
2579,14,1,"Having therefore, brethren, boldness to enter into the holiest by the blood of Jesus,","¶Having therefore, brethren, boldness to enter into the holiest by the blood of Jesus,"
2580,21,0,"By a new and living way, which he hath consecrated for us, through the veil, that is to say, his flesh;","By a new and living way, which he hath consecrated for us, through the veil, that is to say, his flesh;"
2581,10,0,"And having an high priest over the house of God;","And <i>having</i> an high priest over the house of God;"
2582,28,0,"Let us draw near with a true heart in full assurance of faith, having our hearts sprinkled from an evil conscience, and our bodies washed with pure water.","Let us draw near with a true heart in full assurance of faith, having our hearts sprinkled from an evil conscience, and our bodies washed with pure water."
2583,17,0,"Let us hold fast the profession of our faith without wavering; (for he is faithful that promised;)","Let us hold fast the profession of <i>our</i> faith without wavering; (for he <i>is</i> faithful that promised;)"
2584,14,0,"And let us consider one another to provoke unto love and to good works:","And let us consider one another to provoke unto love and to good works:"
2585,28,0,"Not forsaking the assembling of ourselves together, as the manner of some is; but exhorting one another: and so much the more, as ye see the day approaching.","Not forsaking the assembling of ourselves together, as the manner of some <i>is</i>; but exhorting <i>one another</i>: and so much the more, as ye see the day approaching."
2586,22,0,"For if we sin wilfully after that we have received the knowledge of the truth, there remaineth no more sacrifice for sins,","For if we sin wilfully after that we have received the knowledge of the truth, there remaineth no more sacrifice for sins,"
2587,16,0,"But a certain fearful looking for of judgment and fiery indignation, which shall devour the adversaries.","But a certain fearful looking for of judgment and fiery indignation, which shall devour the adversaries."
2588,13,0,"He that despised Moses' law died without mercy under two or three witnesses:","He that despised Moses' law died without mercy under two or three witnesses:"
2589,45,0,"Of how much sorer punishment, suppose ye, shall he be thought worthy, who hath trodden under foot the Son of God, and hath counted the blood of the covenant, wherewith he was sanctified, an unholy thing, and hath done despite unto the Spirit of grace?","Of how much sorer punishment, suppose ye, shall he be thought worthy, who hath trodden under foot the Son of God, and hath counted the blood of the covenant, wherewith he was sanctified, an unholy thing, and hath done despite unto the Spirit of grace?"
2590,25,0,"For we know him that hath said, Vengeance belongeth unto me, I will recompense, saith the Lord. And again, The Lord shall judge his people.","For we know him that hath said, Vengeance <i>belongeth</i> unto me, I will recompense, saith the Lord. And again, The Lord shall judge his people."
2591,14,0,"It is a fearful thing to fall into the hands of the living God.","<i>It is</i> a fearful thing to fall into the hands of the living God."
2592,20,0,"But call to remembrance the former days, in which, after ye were illuminated, ye endured a great fight of afflictions;","But call to remembrance the former days, in which, after ye were illuminated, ye endured a great fight of afflictions;"
2593,24,0,"Partly, whilst ye were made a gazingstock both by reproaches and afflictions; and partly, whilst ye became companions of them that were so used.","Partly, whilst ye were made a gazingstock both by reproaches and afflictions; and partly, whilst ye became companions of them that were so used."
2594,31,0,"For ye had compassion of me in my bonds, and took joyfully the spoiling of your goods, knowing in yourselves that ye have in heaven a better and an enduring substance.","For ye had compassion of me in my bonds, and took joyfully the spoiling of your goods, knowing in yourselves that ye have in heaven a better and an enduring substance."
2595,12,0,"Cast not away therefore your confidence, which hath great recompence of reward.","Cast not away therefore your confidence, which hath great recompence of reward."
2596,20,0,"For ye have need of patience, that, after ye have done the will of God, ye might receive the promise.","For ye have need of patience, that, after ye have done the will of God, ye might receive the promise."
2597,16,0,"For yet a little while, and he that shall come will come, and will not tarry.","For yet a little while, and he that shall come will come, and will not tarry."
2598,21,0,"Now the just shall live by faith: but if any man draw back, my soul shall have no pleasure in him.","Now the just shall live by faith: but if <i>any man</i> draw back, my soul shall have no pleasure in him."
2599,22,0,"But we are not of them who draw back unto perdition; but of them that believe to the saving of the soul.","But we are not of them who draw back unto perdition; but of them that believe to the saving of the soul."
2817,15,0,"Now faith is the substance of things hoped for, the evidence of things not seen.","Now faith is the substance of things hoped for, the evidence of things not seen."
2818,9,0,"For by it the elders obtained a good report.","For by it the elders obtained a good report."
2819,28,0,"Through faith we understand that the worlds were framed by the word of God, so that things which are seen were not made of things which do appear.","Through faith we understand that the worlds were framed by the word of God, so that things which are seen were not made of things which do appear."
2820,34,0,"By faith Abel offered unto God a more excellent sacrifice than Cain, by which he obtained witness that he was righteous, God testifying of his gifts: and by it he being dead yet speaketh.","By faith Abel offered unto God a more excellent sacrifice than Cain, by which he obtained witness that he was righteous, God testifying of his gifts: and by it he being dead yet speaketh."
2821,32,0,"By faith Enoch was translated that he should not see death; and was not found, because God had translated him: for before his translation he had this testimony, that he pleased God.","By faith Enoch was translated that he should not see death; and was not found, because God had translated him: for before his translation he had this testimony, that he pleased God."
2822,32,0,"But without faith it is impossible to please him: for he that cometh to God must believe that he is, and that he is a rewarder of them that diligently seek him.","But without faith <i>it is</i> impossible to please <i>him</i>: for he that cometh to God must believe that he is, and <i>that</i> he is a rewarder of them that diligently seek him."
2823,42,0,"By faith Noah, being warned of God of things not seen as yet, moved with fear, prepared an ark to the saving of his house; by the which he condemned the world, and became heir of the righteousness which is by faith.","By faith Noah, being warned of God of things not seen as yet, moved with fear, prepared an ark to the saving of his house; by the which he condemned the world, and became heir of the righteousness which is by faith."
2824,31,0,"By faith Abraham, when he was called to go out into a place which he should after receive for an inheritance, obeyed; and he went out, not knowing whither he went.","By faith Abraham, when he was called to go out into a place which he should after receive for an inheritance, obeyed; and he went out, not knowing whither he went."
2825,29,0,"By faith he sojourned in the land of promise, as in a strange country, dwelling in tabernacles with Isaac and Jacob, the heirs with him of the same promise:","By faith he sojourned in the land of promise, as <i>in</i> a strange country, dwelling in tabernacles with Isaac and Jacob, the heirs with him of the same promise:"
2826,15,0,"For he looked for a city which hath foundations, whose builder and maker is God.","For he looked for a city which hath foundations, whose builder and maker <i>is</i> God."
2827,29,0,"Through faith also Sara herself received strength to conceive seed, and was delivered of a child when she was past age, because she judged him faithful who had promised.","Through faith also Sara herself received strength to conceive seed, and was delivered of a child when she was past age, because she judged him faithful who had promised."
2828,33,0,"Therefore sprang there even of one, and him as good as dead, so many as the stars of the sky in multitude, and as the sand which is by the sea shore innumerable.","Therefore sprang there even of one, and him as good as dead, <i>so many</i> as the stars of the sky in multitude, and as the sand which is by the sea shore innumerable."
2829,35,0,"These all died in faith, not having received the promises, but having seen them afar off, and were persuaded of them, and embraced them, and confessed that they were strangers and pilgrims on the earth.","These all died in faith, not having received the promises, but having seen them afar off, and were persuaded of <i>them</i>, and embraced <i>them</i>, and confessed that they were strangers and pilgrims on the earth."
2830,13,0,"For they that say such things declare plainly that they seek a country.","For they that say such things declare plainly that they seek a country."
2831,23,0,"And truly, if they had been mindful of that country from whence they came out, they might have had opportunity to have returned.","And truly, if they had been mindful of that <i>country</i> from whence they came out, they might have had opportunity to have returned."
2832,29,0,"But now they desire a better country, that is, an heavenly: wherefore God is not ashamed to be called their God: for he hath prepared for them a city.","But now they desire a better <i>country</i>, that is, an heavenly: wherefore God is not ashamed to be called their God: for he hath prepared for them a city."
2833,23,0,"By faith Abraham, when he was tried, offered up Isaac: and he that had received the promises offered up his only begotten son, ","By faith Abraham, when he was tried, offered up Isaac: and he that had received the promises offered up his only begotten <i>son</i>, "
2834,13,0,"Of whom it was said, That in Isaac shall thy seed be called:","Of whom it was said, That in Isaac shall thy seed be called:"
2835,22,0,"Accounting that God was able to raise him up, even from the dead; from whence also he received him in a figure.","Accounting that God <i>was</i> able to raise <i>him</i> up, even from the dead; from whence also he received him in a figure."
2836,11,0,"By faith Isaac blessed Jacob and Esau concerning things to come.","By faith Isaac blessed Jacob and Esau concerning things to come."
2837,23,0,"By faith Jacob, when he was a dying, blessed both the sons of Joseph; and worshipped, leaning upon the top of his staff.","By faith Jacob, when he was a dying, blessed both the sons of Joseph; and worshipped, <i>leaning</i> upon the top of his staff."
2838,22,0,"By faith Joseph, when he died, made mention of the departing of the children of Israel; and gave commandment concerning his bones.","By faith Joseph, when he died, made mention of the departing of the children of Israel; and gave commandment concerning his bones."
2839,31,0,"By faith Moses, when he was born, was hid three months of his parents, because they saw he was a proper child; and they were not afraid of the king's commandment.","By faith Moses, when he was born, was hid three months of his parents, because they saw <i>he was</i> a proper child; and they were not afraid of the king's commandment."
2840,18,0,"By faith Moses, when he was come to years, refused to be called the son of Pharaoh's daughter;","By faith Moses, when he was come to years, refused to be called the son of Pharaoh's daughter;"
2841,20,0,"Choosing rather to suffer affliction with the people of God, than to enjoy the pleasures of sin for a season;","Choosing rather to suffer affliction with the people of God, than to enjoy the pleasures of sin for a season;"
2842,22,0,"Esteeming the reproach of Christ greater riches than the treasures in Egypt: for he had respect unto the recompence of the reward.","Esteeming the reproach of Christ greater riches than the treasures in Egypt: for he had respect unto the recompence of the reward."
2843,21,0,"By faith he forsook Egypt, not fearing the wrath of the king: for he endured, as seeing him who is invisible.","By faith he forsook Egypt, not fearing the wrath of the king: for he endured, as seeing him who is invisible."
2844,20,0,"Through faith he kept the passover, and the sprinkling of blood, lest he that destroyed the firstborn should touch them.","Through faith he kept the passover, and the sprinkling of blood, lest he that destroyed the firstborn should touch them."
2845,20,0,"By faith they passed through the Red sea as by dry land: which the Egyptians assaying to do were drowned.","By faith they passed through the Red sea as by dry <i>land</i>: which the Egyptians assaying to do were drowned."
2846,15,0,"By faith the walls of Jericho fell down, after they were compassed about seven days.","By faith the walls of Jericho fell down, after they were compassed about seven days."
2847,20,0,"By faith the harlot Rahab perished not with them that believed not, when she had received the spies with peace.","By faith the harlot Rahab perished not with them that believed not, when she had received the spies with peace."
2848,34,0,"And what shall I more say? for the time would fail me to tell of Gedeon, and of Barak, and of Samson, and of Jephthae; of David also, and Samuel, and of the prophets:","And what shall I more say? for the time would fail me to tell of Gedeon, and <i>of</i> Barak, and <i>of</i> Samson, and <i>of</i> Jephthae; <i>of</i> David also, and Samuel, and <i>of</i> the prophets:"
2849,14,0,"Who through faith subdued kingdoms, wrought righteousness, obtained promises, stopped the mouths of lions,","Who through faith subdued kingdoms, wrought righteousness, obtained promises, stopped the mouths of lions,"
2850,29,0,"Quenched the violence of fire, escaped the edge of the sword, out of weakness were made strong, waxed valiant in fight, turned to flight the armies of the aliens.","Quenched the violence of fire, escaped the edge of the sword, out of weakness were made strong, waxed valiant in fight, turned to flight the armies of the aliens."
2851,22,0,"Women received their dead raised to life again: and others were tortured, not accepting deliverance; that they might obtain a better resurrection:","Women received their dead raised to life again: and others were tortured, not accepting deliverance; that they might obtain a better resurrection:"
2852,15,0,"And others had trial of cruel mockings and scourgings, yea, moreover of bonds and imprisonment:","And others had trial of <i>cruel</i> mockings and scourgings, yea, moreover of bonds and imprisonment:"
2853,25,0,"They were stoned, they were sawn asunder, were tempted, were slain with the sword: they wandered about in sheepskins and goatskins; being destitute, afflicted, tormented;","They were stoned, they were sawn asunder, were tempted, were slain with the sword: they wandered about in sheepskins and goatskins; being destitute, afflicted, tormented;"
2854,22,0,"(Of whom the world was not worthy:) they wandered in deserts, and in mountains, and in dens and caves of the earth.","(Of whom the world was not worthy:) they wandered in deserts, and <i>in</i> mountains, and <i>in</i> dens and caves of the earth."
2855,14,0,"And these all, having obtained a good report through faith, received not the promise:","And these all, having obtained a good report through faith, received not the promise:"
2856,17,0,"God having provided some better thing for us, that they without us should not be made perfect.","God having provided some better thing for us, that they without us should not be made perfect."
3073,42,0,"Wherefore seeing we also are compassed about with so great a cloud of witnesses, let us lay aside every weight, and the sin which doth so easily beset us, and let us run with patience the race that is set before us,","Wherefore seeing we also are compassed about with so great a cloud of witnesses, let us lay aside every weight, and the sin which doth so easily beset <i>us</i>, and let us run with patience the race that is set before us,"
3074,38,0,"Looking unto Jesus the author and finisher of our faith; who for the joy that was set before him endured the cross, despising the shame, and is set down at the right hand of the throne of God.","Looking unto Jesus the author and finisher of <i>our</i> faith; who for the joy that was set before him endured the cross, despising the shame, and is set down at the right hand of the throne of God."
3075,20,0,"For consider him that endured such contradiction of sinners against himself, lest ye be wearied and faint in your minds.","For consider him that endured such contradiction of sinners against himself, lest ye be wearied and faint in your minds."
3076,10,0,"Ye have not yet resisted unto blood, striving against sin.","Ye have not yet resisted unto blood, striving against sin."
3077,31,0,"And ye have forgotten the exhortation which speaketh unto you as unto children, My son, despise not thou the chastening of the Lord, nor faint when thou art rebuked of him:","And ye have forgotten the exhortation which speaketh unto you as unto children, My son, despise not thou the chastening of the Lord, nor faint when thou art rebuked of him:"
3078,14,0,"For whom the Lord loveth he chasteneth, and scourgeth every son whom he receiveth.","For whom the Lord loveth he chasteneth, and scourgeth every son whom he receiveth."
3079,21,0,"If ye endure chastening, God dealeth with you as with sons; for what son is he whom the father chasteneth not?","If ye endure chastening, God dealeth with you as with sons; for what son is he whom the father chasteneth not?"
3080,17,0,"But if ye be without chastisement, whereof all are partakers, then are ye bastards, and not sons.","But if ye be without chastisement, whereof all are partakers, then are ye bastards, and not sons."
3081,31,0,"Furthermore we have had fathers of our flesh which corrected us, and we gave them reverence: shall we not much rather be in subjection unto the Father of spirits, and live?","Furthermore we have had fathers of our flesh which corrected <i>us</i>, and we gave <i>them</i> reverence: shall we not much rather be in subjection unto the Father of spirits, and live?"
3082,26,0,"For they verily for a few days chastened us after their own pleasure; but he for our profit, that we might be partakers of his holiness.","For they verily for a few days chastened <i>us</i> after their own pleasure; but he for <i>our</i> profit, that <i>we</i> might be partakers of his holiness."
3083,27,0,"Now no chastening for the present seemeth to be joyous, but grievous: nevertheless afterward it yieldeth the peaceable fruit of righteousness unto them which are exercised thereby.","Now no chastening for the present seemeth to be joyous, but grievous: nevertheless afterward it yieldeth the peaceable fruit of righteousness unto them which are exercised thereby."
3084,12,0,"Wherefore lift up the hands which hang down, and the feeble knees;","Wherefore lift up the hands which hang down, and the feeble knees;"
3085,24,0,"And make straight paths for your feet, lest that which is lame be turned out of the way; but let it rather be healed.","And make straight paths for your feet, lest that which is lame be turned out of the way; but let it rather be healed."
3086,15,0,"Follow peace with all men, and holiness, without which no man shall see the Lord:","Follow peace with all <i>men</i>, and holiness, without which no man shall see the Lord:"
3087,25,0,"Looking diligently lest any man fail of the grace of God; lest any root of bitterness springing up trouble you, and thereby many be defiled;","Looking diligently lest any man fail of the grace of God; lest any root of bitterness springing up trouble <i>you</i>, and thereby many be defiled;"
3088,19,0,"Lest there be any fornicator, or profane person, as Esau, who for one morsel of meat sold his birthright.","Lest there <i>be</i> any fornicator, or profane person, as Esau, who for one morsel of meat sold his birthright."
3089,30,0,"For ye know how that afterward, when he would have inherited the blessing, he was rejected: for he found no place of repentance, though he sought it carefully with tears.","For ye know how that afterward, when he would have inherited the blessing, he was rejected: for he found no place of repentance, though he sought it carefully with tears."
3090,24,0,"For ye are not come unto the mount that might be touched, and that burned with fire, nor unto blackness, and darkness, and tempest,","For ye are not come unto the mount that might be touched, and that burned with fire, nor unto blackness, and darkness, and tempest,"
3091,28,0,"And the sound of a trumpet, and the voice of words; which voice they that heard intreated that the word should not be spoken to them any more:","And the sound of a trumpet, and the voice of words; which <i>voice</i> they that heard intreated that the word should not be spoken to them any more:"
3092,29,0,"(For they could not endure that which was commanded, And if so much as a beast touch the mountain, it shall be stoned, or thrust through with a dart:","(For they could not endure that which was commanded, And if so much as a beast touch the mountain, it shall be stoned, or thrust through with a dart:"
3093,14,0,"And so terrible was the sight, that Moses said, I exceedingly fear and quake:)","And so terrible was the sight, <i>that</i> Moses said, I exceedingly fear and quake:)"
3094,25,0,"But ye are come unto mount Sion, and unto the city of the living God, the heavenly Jerusalem, and to an innumerable company of angels,","But ye are come unto mount Sion, and unto the city of the living God, the heavenly Jerusalem, and to an innumerable company of angels,"
3095,30,0,"To the general assembly and church of the firstborn, which are written in heaven, and to God the Judge of all, and to the spirits of just men made perfect,","To the general assembly and church of the firstborn, which are written in heaven, and to God the Judge of all, and to the spirits of just men made perfect,"
3096,23,0,"And to Jesus the mediator of the new covenant, and to the blood of sprinkling, that speaketh better things than that of Abel.","And to Jesus the mediator of the new covenant, and to the blood of sprinkling, that speaketh better things than <i>that of</i> Abel."
3097,36,0,"See that ye refuse not him that speaketh. For if they escaped not who refused him that spake on earth, much more shall not we escape, if we turn away from him that speaketh from heaven:","See that ye refuse not him that speaketh. For if they escaped not who refused him that spake on earth, much more <i>shall not</i> we <i>escape</i>, if we turn away from him that <i>speaketh</i> from heaven:"
3098,24,0,"Whose voice then shook the earth: but now he hath promised, saying, Yet once more I shake not the earth only, but also heaven.","Whose voice then shook the earth: but now he hath promised, saying, Yet once more I shake not the earth only, but also heaven."
3099,30,0,"And this word, Yet once more, signifieth the removing of those things that are shaken, as of things that are made, that those things which cannot be shaken may remain.","And this <i>word</i>, Yet once more, signifieth the removing of those things that are shaken, as of things that are made, that those things which cannot be shaken may remain."
3100,24,0,"Wherefore we receiving a kingdom which cannot be moved, let us have grace, whereby we may serve God acceptably with reverence and godly fear:","Wherefore we receiving a kingdom which cannot be moved, let us have grace, whereby we may serve God acceptably with reverence and godly fear:"
3101,7,0,"For our God is a consuming fire.","For our God <i>is</i> a consuming fire."
3329,4,0,"Let brotherly love continue.","Let brotherly love continue."
3330,13,0,"Be not forgetful to entertain strangers: for thereby some have entertained angels unawares.","Be not forgetful to entertain strangers: for thereby some have entertained angels unawares."
3331,22,0,"Remember them that are in bonds, as bound with them; and them which suffer adversity, as being yourselves also in the body.","Remember them that are in bonds, as bound with them; <i>and</i> them which suffer adversity, as being yourselves also in the body."
3332,16,0,"Marriage is honourable in all, and the bed undefiled: but whoremongers and adulterers God will judge.","Marriage <i>is</i> honourable in all, and the bed undefiled: but whoremongers and adulterers God will judge."
3333,27,0,"Let your conversation be without covetousness; and be content with such things as ye have: for he hath said, I will never leave thee, nor forsake thee.","<i>Let your</i> conversation <i>be</i> without covetousness; <i>and be</i> content with such things as ye have: for he hath said, I will never leave thee, nor forsake thee."
3334,22,0,"So that we may boldly say, The Lord is my helper, and I will not fear what man shall do unto me.","So that we may boldly say, The Lord <i>is</i> my helper, and I will not fear what man shall do unto me."
3335,26,1,"Remember them which have the rule over you, who have spoken unto you the word of God: whose faith follow, considering the end of their conversation.","¶Remember them which have the rule over you, who have spoken unto you the word of God: whose faith follow, considering the end of <i>their</i> conversation."
3336,11,0,"Jesus Christ the same yesterday, and to day, and for ever.","Jesus Christ the same yesterday, and to day, and for ever."
3337,35,0,"Be not carried about with divers and strange doctrines. For it is a good thing that the heart be established with grace; not with meats, which have not profited them that have been occupied therein.","Be not carried about with divers and strange doctrines. For <i>it is</i> a good thing that the heart be established with grace; not with meats, which have not profited them that have been occupied therein."
3338,15,0,"We have an altar, whereof they have no right to eat which serve the tabernacle.","We have an altar, whereof they have no right to eat which serve the tabernacle."
3339,24,0,"For the bodies of those beasts, whose blood is brought into the sanctuary by the high priest for sin, are burned without the camp.","For the bodies of those beasts, whose blood is brought into the sanctuary by the high priest for sin, are burned without the camp."
3340,17,0,"Wherefore Jesus also, that he might sanctify the people with his own blood, suffered without the gate.","Wherefore Jesus also, that he might sanctify the people with his own blood, suffered without the gate."
3341,13,0,"Let us go forth therefore unto him without the camp, bearing his reproach.","Let us go forth therefore unto him without the camp, bearing his reproach."
3342,13,0,"For here have we no continuing city, but we seek one to come.","For here have we no continuing city, but we seek one to come."
3343,25,0,"By him therefore let us offer the sacrifice of praise to God continually, that is, the fruit of our lips giving thanks to his name.","By him therefore let us offer the sacrifice of praise to God continually, that is, the fruit of <i>our</i> lips giving thanks to his name."
3344,17,0,"But to do good and to communicate forget not: for with such sacrifices God is well pleased.","But to do good and to communicate forget not: for with such sacrifices God is well pleased."
3345,40,0,"Obey them that have the rule over you, and submit yourselves: for they watch for your souls, as they that must give account, that they may do it with joy, and not with grief: for that is unprofitable for you.","Obey them that have the rule over you, and submit yourselves: for they watch for your souls, as they that must give account, that they may do it with joy, and not with grief: for that <i>is</i> unprofitable for you."
3346,18,1,"Pray for us: for we trust we have a good conscience, in all things willing to live honestly.","¶Pray for us: for we trust we have a good conscience, in all things willing to live honestly."
3347,18,0,"But I beseech you the rather to do this, that I may be restored to you the sooner.","But I beseech <i>you</i> the rather to do this, that I may be restored to you the sooner."
3348,27,0,"Now the God of peace, that brought again from the dead our Lord Jesus, that great shepherd of the sheep, through the blood of the everlasting covenant,","Now the God of peace, that brought again from the dead our Lord Jesus, that great shepherd of the sheep, through the blood of the everlasting covenant,"
3349,33,0,"Make you perfect in every good work to do his will, working in you that which is wellpleasing in his sight, through Jesus Christ; to whom be glory for ever and ever. Amen.","Make you perfect in every good work to do his will, working in you that which is wellpleasing in his sight, through Jesus Christ; to whom <i>be</i> glory for ever and ever. Amen."
3350,21,0,"And I beseech you, brethren, suffer the word of exhortation: for I have written a letter unto you in few words.","And I beseech you, brethren, suffer the word of exhortation: for I have written a letter unto you in few words."
3351,20,0,"Know ye that our brother Timothy is set at liberty; with whom, if he come shortly, I will see you.","Know ye that <i>our</i> brother Timothy is set at liberty; with whom, if he come shortly, I will see you."
3352,18,0,"Salute all them that have the rule over you, and all the saints. They of Italy salute you.","Salute all them that have the rule over you, and all the saints. They of Italy salute you."
3353,6,0,"Grace be with you all. Amen.","Grace <i>be</i> with you all. Amen. "
